keyword,entity,title,modifier,featuredImage,publish_date_gmt,sitemap_type,meta_description,target_slug,wikipedia_url,wikipedia_title
AI SEO Edmonton,,AI SEO for Edmonton Businesses: A Practical 2026 Playbook,"Explain how Edmonton service businesses can use AI-assisted SEO without thin content. Cover search intent, entity signals, and human review. Mention agency workflows and scalable WordPress publishing.",y,2026-08-17T15:00:00.000Z,post,"How Edmonton businesses can adopt AI SEO with quality controls, entity signals, and scalable WordPress workflows in 2026.",ai-seo-edmonton-playbook,,
entity based SEO,,Entity-Based SEO: How Edmonton Agencies Build Topical Authority,"Define entity SEO and topical maps for competitive Alberta niches. Compare pillar-cluster models vs entity grids. Include steps to audit entities, map internal links, and measure coverage in GSC.",y,2026-08-24T15:00:00.000Z,post,"Entity-based SEO explained for Edmonton agencies: topical maps, internal linking, and measuring authority growth in competitive markets.",entity-based-seo-edmonton-agencies,,
local SEO Edmonton,,Local SEO in Edmonton: What Actually Moves Rankings in 2026,"Focus on Edmonton local pack factors: GBP, NAP consistency, local landing pages, reviews, and geo-modified content. Include a checklist for multi-location service brands in the Edmonton metro.",google-maps,2026-08-31T15:00:00.000Z,post,"Local SEO priorities for Edmonton businesses: GBP, landing pages, reviews, and geo content that drives map pack and organic visibility.",local-seo-edmonton-2026,,
programmatic SEO WordPress,,Programmatic SEO on WordPress: A Guide for Edmonton SEO Teams,"Cover templated page generation, CSV-driven publishing, schema, and cannibalization guardrails. Explain when programmatic SEO fits service-area and entity pages vs blog content.",y,2026-09-07T15:00:00.000Z,post,"Programmatic SEO on WordPress for Edmonton teams: templates, bulk publishing, schema, and avoiding cannibalization on service-area sites.",programmatic-seo-wordpress-edmonton,,
topical authority map,,Building a Topical Authority Map for Competitive Edmonton Niches,"Walk through keyword clustering, SERP intent review, content gaps, and publishing cadence. Use dental, legal, or home services examples relevant to Alberta markets.",y,2026-09-14T15:00:00.000Z,post,"Step-by-step topical authority mapping for competitive Edmonton niches: clusters, intent, gaps, and a realistic publishing cadence.",topical-authority-map-edmonton,,
search intent AI content,,Search Intent and AI Content: How Edmonton Marketers Stay Accurate,"Explain informational vs commercial vs local intent. Show how to brief AI tools with modifiers, FAQs, and entity context so drafts match SERP expectations without fluff.",y,2026-09-21T15:00:00.000Z,post,"Match search intent when using AI content tools: intent types, briefs, FAQs, and quality checks for Edmonton marketing teams.",search-intent-ai-content-edmonton,,
WordPress bulk content SEO,,WordPress Bulk Content Workflows That Scale SEO Without Chaos,"Describe CSV-driven bulk generation, scheduling, Rank Math or Yoast fields, featured images, and editorial QA. Position as what modern agencies need when client sites outgrow manual publishing.",y,2026-09-28T15:00:00.000Z,post,"Scale WordPress SEO with bulk content workflows: CSV imports, scheduling, meta fields, images, and editorial QA for agency teams.",wordpress-bulk-content-seo-workflows,,
Google Search Console Edmonton,,Google Search Console Priorities for Edmonton WordPress Sites,"Prioritize indexing, crawl stats, query opportunities, and page-level fixes. Include seasonal Edmonton traffic patterns and when to escalate technical SEO vs content updates.",y,2026-10-05T15:00:00.000Z,post,"GSC priorities for Edmonton WordPress sites: indexing, query opportunities, crawl issues, and when to fix tech vs content.",google-search-console-edmonton-wordpress,,
sitemap optimization WordPress,,Sitemap and Internal Link Optimization for Large WordPress Sites,"Cover XML sitemaps, orphan pages, redirect maps, entity compression, and internal link equity for sites with hundreds of service-area or blog URLs.",y,2026-10-12T15:00:00.000Z,post,"Optimize sitemaps and internal links on large WordPress sites: orphans, redirects, entity structure, and link equity at scale.",sitemap-internal-link-optimization-wordpress,,
EEAT AI generated content,,E-E-A-T and AI-Generated Content: Guidance for Edmonton Agencies,"Explain experience, expertise, authoritativeness, and trust for YMYL and local service sites. Cover disclosure, human editing, citations, author pages, and when AI drafts need expert review.",y,2026-10-19T15:00:00.000Z,post,"E-E-A-T guidance for Edmonton agencies using AI content: human review, citations, author trust, and YMYL-safe publishing practices.",eeat-ai-generated-content-edmonton-agencies,,
